"ID","Description","GeneRatio","BgRatio","pvalue","p.adjust","qvalue","geneID","Count"
"GO:0000353","formation of quadruple SL/U4/U5/U6 snRNP","2/28","10/18870",9.48464624353785e-05,0.0115712684171162,0.00991727923008519,"RNU4-2/RNU4-1",2
"GO:0000365","mRNA trans splicing, via spliceosome","2/28","10/18870",9.48464624353785e-05,0.0115712684171162,0.00991727923008519,"RNU4-2/RNU4-1",2
"GO:0045291","mRNA trans splicing, SL addition","2/28","10/18870",9.48464624353785e-05,0.0115712684171162,0.00991727923008519,"RNU4-2/RNU4-1",2
