"ID","Description","GeneRatio","BgRatio","pvalue","p.adjust","qvalue","geneID","Count"
"GO:0000353","formation of quadruple SL/U4/U5/U6 snRNP","2/21","10/18870",5.27968675406103e-05,0.00366058281614898,0.00300108510230837,"RNU4-2/RNU4-1",2
"GO:0000365","mRNA trans splicing, via spliceosome","2/21","10/18870",5.27968675406103e-05,0.00366058281614898,0.00300108510230837,"RNU4-2/RNU4-1",2
"GO:0045291","mRNA trans splicing, SL addition","2/21","10/18870",5.27968675406103e-05,0.00366058281614898,0.00300108510230837,"RNU4-2/RNU4-1",2
"GO:0000244","spliceosomal tri-snRNP complex assembly","2/21","26/18870",0.00037723829059086,0.0196163911107247,0.0160822639672946,"RNU4-2/RNU4-1",2
